Nombre,Dulce,Crujiente,Tipo
Wine - Toasted Head,65,94,Empetraceae
"Wine - White, Pelee Island",8,58,Cactaceae
Container - Foam Dixie 12 Oz,32,94,Cyperaceae
Jameson - Irish Whiskey,29,15,Fabaceae
"Beets - Candy Cane, Organic",53,36,Iridaceae
Cheese - La Sauvagine,78,70,Crassulaceae
Jam - Raspberry,87,100,Rubiaceae
Energy Drink Red Bull,37,24,Pertusariaceae
Milk - Buttermilk,29,3,Poaceae
Flavouring Vanilla Artificial,9,90,Asteraceae
Flour - Chickpea,21,25,Asteraceae
Beef - Tenderloin Tails,82,65,Asteraceae
Beer - Muskoka Cream Ale,59,73,Asteraceae
"Wine - Red, Antinori Santa",67,59,Asteraceae
Coffee - Dark Roast,58,50,Fabaceae
"Rice Pilaf, Dry,package",40,56,Dryopteridaceae
Wine - Rubyport,32,9,Polygonaceae
Sauce - Balsamic Viniagrette,56,6,Asteraceae
Sun - Dried Tomatoes,10,14,Iridaceae
Easy Off Oven Cleaner,8,10,Asteraceae
Stainless Steel Cleaner Vision,45,86,Apiaceae
Flour - Chickpea,49,44,Fabaceae
Beer - Corona,56,71,Fissidentaceae
"Wine - White, French Cross",76,7,Asteraceae
Pastry - Choclate Baked,18,72,Polygonaceae
Milk - Buttermilk,92,79,Physciaceae
"Pasta - Orzo, Dry",3,36,Asteraceae
Oven Mitts 17 Inch,95,66,Euphorbiaceae
Bok Choy - Baby,56,6,Fabaceae
"Wine - Red, Metus Rose",4,79,Fabaceae
Vector Energy Bar,29,3,Euphorbiaceae
Coffee - Cafe Moreno,35,41,Brassicaceae
"Cookies - Oreo, 4 Pack",21,18,Polygonaceae
Tart - Butter Plain Squares,55,14,Parmeliaceae
Basil - Fresh,72,66,Ranunculaceae
"Beef - Kindney, Whole",56,22,Asclepiadaceae
Wine - Acient Coast Caberne,64,14,Ditrichaceae
"Croissant, Raw - Mini",49,10,Asteraceae
Longos - Grilled Salmon With Bbq,77,84,Ebenaceae
Calypso - Strawberry Lemonade,2,47,Asteraceae
Salt - Seasoned,99,45,Fumariaceae
Bread - Calabrese Baguette,68,3,Bignoniaceae
Pastry - Chocolate Marble Tea,8,32,Asteraceae
Melon - Honey Dew,67,86,Asteraceae
Lamb - Shanks,27,68,Nyctaginaceae
Skewers - Bamboo,3,66,Asteraceae
Wine - Acient Coast Caberne,53,7,Asteraceae
Garbage Bags - Black,64,60,Fabaceae
Dragon Fruit,2,82,Cucurbitaceae
Cheese - Swiss Sliced,61,61,Brassicaceae
"Ranchero - Primerba, Paste",32,79,Scrophulariaceae
Muffin Mix - Banana Nut,69,61,Pteridaceae
Foil Wrap,74,44,Poaceae
Wine - Peller Estates Late,51,63,Lycopodiaceae
Flower - Dish Garden,90,17,Malpighiaceae
Wine - Pinot Noir Latour,89,50,Piperaceae
Broom Handle,33,95,Malvaceae
Syrup - Chocolate,36,93,Fabaceae
Beans - Fine,99,66,Onagraceae
Myers Planters Punch,53,88,Scrophulariaceae
Mayonnaise,4,77,Polemoniaceae
"Pasta - Penne Primavera, Single",57,31,Polemoniaceae
Bread - Bistro White,24,28,Scrophulariaceae
Wine - Ruffino Chianti Classico,35,50,Grossulariaceae
Cookies - Englishbay Wht,65,66,Rhizocarpaceae
Foam Tray S2,22,81,Apiaceae
Pie Shells 10,86,73,Scrophulariaceae
"Red Snapper - Fillet, Skin On",22,61,Brassicaceae
"Juice - Grape, White",75,19,Parmeliaceae
"Juice - Cranberry, 341 Ml",54,15,Iridaceae
Cake Slab,55,90,Cyperaceae
Table Cloth 54x54 White,29,45,Orchidaceae
Muffin Batt - Blueberry Passion,30,4,Oleaceae
Peppercorns - Green,15,75,Cucurbitaceae
Bouq All Italian - Primerba,42,50,Rubiaceae
"Cheese - Cheddar, Old White",64,83,Fissidentaceae
Sobe - Berry Energy,66,29,Fabaceae
Oil - Olive,99,88,Rubiaceae
Pastrami,97,38,Scrophulariaceae
"Wine - Red, Mouton Cadet",20,10,Liliaceae
Silicone Parch. 16.3x24.3,54,16,Polygonaceae
The Pop Shoppe - Black Cherry,52,24,Fabaceae
Mints - Striped Red,37,13,Leucodontaceae
"Wine - Bourgogne 2002, La",66,93,Apiaceae
Crackers - Graham,35,11,Scrophulariaceae
Daikon Radish,16,43,Rubiaceae
Pastry - Carrot Muffin - Mini,2,41,Onagraceae
Alize Red Passion,19,17,Fabaceae
Wine - Delicato Merlot,81,27,Verbenaceae
Vinegar - White,91,40,Loganiaceae
Puree - Raspberry,28,72,Pteridaceae
Lemonade - Pineapple Passion,94,84,Asteraceae
Shrimp - Black Tiger 26/30,26,58,Orchidaceae
Lychee,58,91,Ophioglossaceae
"Pork - Butt, Boneless",69,2,Parmeliaceae
Blue Curacao - Marie Brizard,61,71,Typhaceae
Tart - Raisin And Pecan,66,91,Onagraceae
"Soup - Campbells, Creamy",19,99,Polygonaceae
Star Fruit,92,95,Caprifoliaceae
"Tomatoes - Diced, Canned",61,65,Lamiaceae
Wine - Masi Valpolocell,67,36,Nyctaginaceae
"Beef - Bones, Cut - Up",98,92,Fabaceae
Lettuce - Romaine,73,27,Caryophyllaceae
Taro Leaves,75,3,Orchidaceae
Emulsifier,63,92,Physciaceae
Longos - Lasagna Veg,17,87,Vitaceae
Beer - Molson Excel,32,46,Brachytheciaceae
Tea - English Breakfast,1,41,Fabaceae
Turkey Tenderloin Frozen,80,61,Solanaceae
Muffin Batt - Carrot Spice,98,96,Hymenophyllaceae
Towel Dispenser,66,49,Scrophulariaceae
Ginger - Crystalized,32,42,Pteridaceae
Baking Soda,16,5,Boraginaceae
"Beets - Candy Cane, Organic",71,89,Ramalinaceae
"Wine - Red, Metus Rose",30,22,Solanaceae
"Doilies - 5, Paper",40,50,Caryophyllaceae
Veal - Ground,45,27,Nymphaeaceae
Sandwich Wrap,22,30,Ranunculaceae
Bread - Burger,35,59,Orchidaceae
Soup - Campbells Chicken,46,66,Malvaceae
Chip - Potato Dill Pickle,47,90,Asteraceae
Wine - Acient Coast Caberne,62,63,Brassicaceae
Banana - Leaves,74,100,Rutaceae
Wine - Mondavi Coastal Private,15,81,Geraniaceae
Trout - Smoked,64,48,Ranunculaceae
Island Oasis - Lemonade,31,70,Fabaceae
Plastic Wrap,15,4,Lythraceae
Muffin Mix - Lemon Cranberry,4,10,Isoetaceae
Oil - Pumpkinseed,26,27,Rosaceae
"Pasta - Fettuccine, Dry",95,33,Lamiaceae
Chocolate - Semi Sweet,99,59,Poaceae
Sausage - Blood Pudding,49,27,Caryophyllaceae
"Noodles - Cellophane, Thin",49,34,Boraginaceae
Lettuce - Curly Endive,11,62,Euphorbiaceae
Basil - Pesto Sauce,8,9,Liliaceae
Myers Planters Punch,63,86,Lamiaceae
Cinnamon - Stick,42,84,Asteraceae
"Tabasco Sauce, 2 Oz",93,40,Amaranthaceae
Sprouts - China Rose,25,80,Cladoniaceae
Bacardi Breezer - Tropical,72,57,Nyctaginaceae
Lid Coffee Cup 8oz Blk,57,87,Polygonaceae
Wine - White Cab Sauv.on,66,29,Rosaceae
"Crush - Grape, 355 Ml",73,90,Iridaceae
Chinese Foods - Chicken,59,63,Iridaceae
Pastry - Chocolate Marble Tea,12,69,Hydrangeaceae
Salami - Genova,67,67,Liliaceae
Sansho Powder,64,33,Gentianaceae
"Basil - Dry, Rubbed",28,68,Rubiaceae
Munchies Honey Sweet Trail Mix,75,89,Asteraceae
Southern Comfort,100,29,Asteraceae
Duck - Breast,12,27,Fabaceae
French Kiss Vanilla,1,76,Salviniaceae
Cheese - Parmesan Cubes,41,97,Fabaceae
Taro Root,62,16,Onagraceae
Wine - George Duboeuf Rose,58,34,Aspleniaceae
Vinegar - Sherry,17,2,Styracaceae
"Tart Shells - Savory, 2",18,78,Rosaceae
Juice - Orange 1.89l,56,89,Thelotremataceae
Cake - Lemon Chiffon,45,74,Scrophulariaceae
Cream - 10%,75,72,Scrophulariaceae
Wine - Prosecco Valdobienne,39,72,Malpighiaceae
Roe - Flying Fish,70,47,Fabaceae
Wine - Chardonnay South,100,67,Asteraceae
Water - Tonic,42,46,Fabaceae
Lid Tray - 12in Dome,82,13,Asteraceae
Beans - Yellow,100,57,Sarraceniaceae
Table Cloth 72x144 White,4,29,Pteridaceae
Anchovy Paste - 56 G Tube,35,98,Pteridaceae
Sausage - Chorizo,55,12,Asteraceae
Bacardi Breezer - Tropical,99,3,Polemoniaceae
"Pail - 4l White, With Handle",72,6,Asteraceae
"Mop Head - Cotton, 24 Oz",66,49,Fabaceae
Milk - Chocolate 500ml,55,52,Lygodiaceae
Nantuket Peach Orange,52,40,Fagaceae
Cheese - Marble,61,54,Scrophulariaceae
Appetizer - Southwestern,9,12,Lichinaceae
"Wine - White, Gewurtzraminer",62,8,Myrtaceae
Oil - Sunflower,95,65,Saxifragaceae
Breakfast Quesadillas,26,38,Iridaceae
Cheese - Montery Jack,26,29,Lauraceae
Sour Cream,47,98,Ericaceae
Lettuce - Sea / Sea Asparagus,83,71,Euphorbiaceae
Wine - Stoneliegh Sauvignon,53,70,Euphorbiaceae
"Glass - Wine, Plastic, Clear 5 Oz",69,71,Asclepiadaceae
Crab - Soft Shell,43,80,Ericaceae
Kiwano,39,6,Fabaceae
Table Cloth 81x81 Colour,72,75,Liliaceae
"Juice - Tomato, 48 Oz",27,37,Orchidaceae
Bread - White Mini Epi,70,43,Saxifragaceae
Icecream Bar - Del Monte,41,34,Poaceae
"Cheese - Cheddar, Medium",47,96,Fabaceae
Soup - Campbells Bean Medley,49,47,Neckeraceae
Pepper - Jalapeno,84,25,Campanulaceae
"Bread - Bagels, Plain",79,80,Primulaceae
Muffin - Zero Transfat,69,89,Rosaceae
"Chicken - White Meat, No Tender",95,89,Tetraphidaceae
Orange Roughy 6/8 Oz,53,86,Convolvulaceae
Muffin Mix - Carrot,26,22,Vitaceae
Ginger - Pickled,16,77,Euphorbiaceae
Taro Root,46,48,Polygalaceae
Wine - Champagne Brut Veuve,93,18,Fabaceae
Vinegar - Champagne,36,49,Fagaceae
Bay Leaf Fresh,10,28,Brassicaceae
Jello - Assorted,85,20,Strigulaceae
Sugar - Crumb,25,43,Cyperaceae
Sauce - Salsa,53,43,Cactaceae
Energy Drink - Redbull 355ml,2,16,Malvaceae
Mix - Cappucino Cocktail,63,33,Liliaceae
Energy - Boo - Koo,15,47,Asteraceae
Milk Powder,72,7,Campanulaceae
Brandy Apricot,87,14,Oxalidaceae
Sun - Dried Tomatoes,13,50,Apocynaceae
Bay Leaf,92,21,Cyperaceae
Saskatoon Berries - Frozen,95,50,Asteraceae
Chips Potato Salt Vinegar 43g,75,33,Malpighiaceae
"Quail - Whole, Bone - In",83,99,Ephedraceae
Bread - 10 Grain,13,37,Cistaceae
Wine - Chianti Classica Docg,18,95,Fabaceae
Flour - Strong,6,84,Hydrophyllaceae
Sauce - Cranberry,63,62,Arecaceae
Island Oasis - Ice Cream Mix,45,17,Parmeliaceae
"Soup - Knorr, Ministrone",83,97,Fabaceae
Extract - Lemon,73,52,Saxifragaceae
Berry Brulee,5,83,Acanthaceae
Compound - Pear,44,49,Asteraceae
Wiberg Cure,26,56,Fabaceae
"Crush - Orange, 355ml",24,85,Ranunculaceae
Cream - 10%,56,48,Cyatheaceae
Wine - Toasted Head,50,51,Apiaceae
Energy Drink - Franks Pineapple,97,45,Fagaceae
Kippers - Smoked,29,10,Rosaceae
Quail - Jumbo Boneless,93,37,Rhamnaceae
Lobster - Cooked,52,32,Araceae
Cake Slab,50,39,Arecaceae
Vol Au Vents,62,4,Haloragaceae
Ham - Cooked Bayonne Tinned,77,61,Rutaceae
"Doilies - 8, Paper",90,75,Clusiaceae
Dry Ice,68,38,Asteraceae
Broom - Angled,36,61,Asteraceae
Sultanas,4,2,Onagraceae
Wine - Vouvray Cuvee Domaine,96,20,Rhachitheciaceae
Wine - Periguita Fonseca,43,72,Parmeliaceae
Lobster - Base,98,31,Caryophyllaceae
Table Cloth 54x72 Colour,55,12,Asteraceae
"Vinegar - Balsamic, White",9,90,Marantaceae
"Roe - Lump Fish, Red",86,100,Cunoniaceae
Rice - Jasmine Sented,56,70,Asteraceae
Flounder - Fresh,7,32,Asteraceae
Bacardi Raspberry,30,81,Liliaceae
"Pork - Butt, Boneless",47,63,Trapeliaceae
Vinegar - Red Wine,88,75,Vitaceae
Sobe - Green Tea,13,14,Parmeliaceae
Sword Pick Asst,60,97,Fabaceae
"Veal - Inside Round / Top, Lean",79,20,Solanaceae
Beer - True North Lager,18,16,Rosaceae
Food Colouring - Pink,48,44,Liliaceae
Salt And Pepper Mix - Black,26,26,Fabaceae
Table Cloth 91x91 Colour,78,58,Rhamnaceae
Blueberries - Frozen,2,94,Caryophyllaceae
Radish,81,25,Poaceae
"Mushroom - Oyster, Fresh",24,34,Asteraceae
Ice Cream - Chocolate,6,6,Rosaceae
"Pasta - Elbows, Macaroni, Dry",26,11,Asteraceae
Lemons,2,38,Rubiaceae
Muffin - Mix - Strawberry Rhubarb,75,62,Scrophulariaceae
Juice - Orange 1.89l,87,69,Hydrophyllaceae
Foam Tray S2,1,85,Buxaceae
"Beef - Chuck, Boneless",36,89,Cyperaceae
Ice Cream Bar - Hageen Daz To,54,55,Bryaceae
Calaloo,31,71,Polygonaceae
Soupfoamcont12oz 112con,50,73,Grammitidaceae
"Juice - Cranberry, 341 Ml",49,16,Leucodontaceae
Chips Potato All Dressed - 43g,26,13,Lecanoraceae
Pasta - Ravioli,67,19,Poaceae
"Rum - Spiced, Captain Morgan",74,54,Fabaceae
Energy Drink Red Bull,2,33,Fabaceae
Sage - Rubbed,75,89,Primulaceae
Drambuie,9,46,Orchidaceae
Ham Black Forest,68,54,Ditrichaceae
"Oil - Truffle, White",52,22,Pottiaceae
Cookies Almond Hazelnut,12,44,Fagaceae
Vodka - Smirnoff,41,54,Poaceae
Soap - Mr.clean Floor Soap,61,71,Sapindaceae
Caviar - Salmon,13,66,Rhamnaceae
Gooseberry,95,87,Fabaceae
Initation Crab Meat,65,72,Cactaceae
Trout Rainbow Whole,61,77,Cucurbitaceae
Melon - Honey Dew,63,95,Brassicaceae
Cheese - Swiss,23,87,Apocynaceae
Longos - Chicken Cordon Bleu,15,74,Rosaceae
Wine - Wyndham Estate Bin 777,27,57,Lamiaceae
Capon - Whole,26,41,Thymelaeaceae
Lighter - Bbq,97,40,Rhizocarpaceae
Cheese - Swiss Sliced,27,70,Poaceae
Macaroons - Two Bite Choc,2,23,Porpidiaceae
"Sugar - Brown, Individual",85,77,Rosaceae
Wasabi Paste,15,43,Campanulaceae
Wine - Ruffino Chianti,52,17,Balsaminaceae
Tart - Pecan Butter Squares,61,61,Lobariaceae
Energy Drink Red Bull,24,12,Apiaceae
Muffin Batt - Carrot Spice,88,58,Liliaceae
Wine - Casablanca Valley,10,48,Euphorbiaceae
Apple - Macintosh,94,91,Onagraceae
Dried Peach,30,3,Rosaceae
Chocolate - Chips Compound,39,4,Hydrophyllaceae
Hand Towel,29,14,Parmeliaceae
Cheese - Provolone,84,62,Caryophyllaceae
"Wine - White, Lindemans Bin 95",2,97,Parmeliaceae
Mix - Cocktail Ice Cream,16,46,Apiaceae
Beans - Green,71,7,Ranunculaceae
Pork - Belly Fresh,50,83,Asteraceae
Appetizer - Assorted Box,57,9,Polygonaceae
Swiss Chard - Red,5,81,Plantaginaceae
Stock - Fish,47,23,Brassicaceae
Rhubarb,17,70,Sphagnaceae
Lemon Balm - Fresh,46,56,Fabaceae
"Turkey - Breast, Bone - In",44,3,Agavaceae
Breadfruit,29,4,Sarraceniaceae
"Doilies - 8, Paper",38,16,Poaceae
Truffle - Peelings,74,79,Polygonaceae
Beef - Sushi Flat Iron Steak,55,20,Caryophyllaceae
"Fish - Base, Bouillion",18,97,Lamiaceae
Table Cloth 54x54 White,71,36,Rosaceae
Numi - Assorted Teas,80,17,Rosaceae
Ecolab - Hand Soap Form Antibac,23,4,Euphorbiaceae
"Bread - White, Unsliced",47,54,Orthotrichaceae
Cafe Royale,91,22,Asteraceae
Rambutan,17,39,Rosaceae
Wine - Chardonnay Mondavi,60,7,Calycanthaceae
Butter - Pod,90,77,Cyperaceae
Table Cloth 144x90 White,94,82,Hypnaceae
Arctic Char - Fillets,32,69,Asteraceae
"Pork - Back, Long Cut, Boneless",50,31,Menispermaceae
Avocado,12,78,Brassicaceae
Cheese - Asiago,43,81,Cistaceae
Soup - Campbells Chili,21,4,Cyperaceae
"Beans - Kidney, Canned",35,17,Asteraceae
Pears - Anjou,2,11,Rosaceae
Slt - Individual Portions,40,76,Fabaceae
"Schnappes - Peach, Walkers",19,45,Fabaceae
Cheese - Brick With Onion,24,47,Asteraceae
Ice Cream - Life Savers,3,13,Malvaceae
Muffin Carrot - Individual,99,3,Cyperaceae
Mushroom - Portebello,8,94,Araceae
"Wine - Red, Black Opal Shiraz",70,71,Asteraceae
Tray - 12in Rnd Blk,81,16,Asteraceae
Tomatoes - Yellow Hot House,77,56,Asteraceae
Wine - Maipo Valle Cabernet,72,6,Pterigynandraceae
Plaintain,5,59,Agavaceae
Shiratamako - Rice Flour,36,63,Chenopodiaceae
Table Cloth 91x91 Colour,53,59,Fabaceae
Dip - Tapenade,9,11,Polygonaceae
Coffee Caramel Biscotti,66,88,Dryopteridaceae
Wine - Saint Emilion Calvet,30,99,Malvaceae
Shortbread - Cookie Crumbs,8,95,Onagraceae
Cookie - Oatmeal,24,83,Poaceae
Extract - Rum,19,78,Myrtaceae
"Lid - High Heat, Super Clear",21,27,Cactaceae
Dried Cherries,69,80,Asteraceae
Pernod,4,95,Chenopodiaceae
Truffle - Peelings,76,84,Malvaceae
"Mushroom - Enoki, Fresh",77,82,Fabaceae
Cake - Cheese Cake 9 Inch,84,69,Pertusariaceae
Lamb - Ground,97,40,Urticaceae
Duck - Breast,92,11,Gentianaceae
Coffee - 10oz Cup 92961,5,39,Scrophulariaceae
Veal - Knuckle,68,84,Malvaceae
"Doilies - 8, Paper",82,49,Menispermaceae
Wonton Wrappers,96,21,Poaceae
Currants,53,67,Strigulaceae
"Sugar - Sweet N Low, Individual",80,77,Potamogetonaceae
Coffee - Hazelnut Cream,15,76,Scrophulariaceae
Kohlrabi,87,79,Lecanoraceae
Pork - Ground,63,57,Verbenaceae
Longos - Grilled Salmon With Bbq,97,9,Chenopodiaceae
Cabbage - Nappa,64,68,Convolvulaceae
Fudge - Chocolate Fudge,10,25,Fabaceae
Sprouts - Pea,80,41,Clusiaceae
Meldea Green Tea Liquor,64,68,Asteraceae
Amarula Cream,37,35,Portulacaceae
Wine - Crozes Hermitage E.,5,2,Polemoniaceae
Wine - Muscadet Sur Lie,91,7,Brassicaceae
Nantucket - Orange Mango Cktl,90,88,Fabaceae
Godiva White Chocolate,8,95,Asteraceae
Lemonade - Pineapple Passion,47,45,Rosaceae
Strawberries - California,68,5,Poaceae
"Sauce - Black Current, Dry Mix",50,36,Cactaceae
Carrots - Mini Red Organic,29,14,Aceraceae
Bread - Bistro White,80,87,Asteraceae
Mustard - Individual Pkg,26,92,Rubiaceae
Anchovy Fillets,14,92,Geraniaceae
"Nestea - Ice Tea, Diet",72,40,Asteraceae
Beer - Pilsner Urquell,52,85,Convolvulaceae
Bay Leaf,50,5,Cyperaceae
Cake - Miini Cheesecake Cherry,19,15,Cladoniaceae
Spring Roll Veg Mini,46,5,Asteraceae
Cucumber - Pickling Ontario,77,41,Asteraceae
Carrots - Mini Red Organic,6,45,Asteraceae
Beef - Diced,95,94,Fabaceae
Country Roll,100,77,Polemoniaceae
Lotus Root,76,50,Cyperaceae
Salt - Celery,10,10,Amaranthaceae
Tomatoes - Heirloom,62,54,Poaceae
Carbonated Water - Orange,94,5,Ericaceae
Cake Slab,75,69,Polygonaceae
Sambuca - Ramazzotti,85,50,Bignoniaceae
Syrup - Monin - Passion Fruit,95,42,Arecaceae
Tomato - Green,63,58,Fabaceae
Sugar Thermometer,43,6,Scrophulariaceae
Island Oasis - Peach Daiquiri,38,42,Commelinaceae
"Nut - Hazelnut, Ground, Natural",86,80,Brassicaceae
Fudge - Chocolate Fudge,66,84,Callitrichaceae
Chocolate - Unsweetened,8,40,Dennstaedtiaceae
Jam - Apricot,32,58,Polygonaceae
Lamb - Loin Chops,12,1,Fabaceae
"Capon - Breast, Wing On",79,51,Asteraceae
Kumquat,26,55,Teloschistaceae
Water - Perrier,46,81,Convolvulaceae
Rye Special Old,15,42,Malvaceae
Peach - Fresh,75,70,Asteraceae
"Beans - Turtle, Black, Dry",28,12,Asteraceae
Sandwich Wrap,26,83,Caprifoliaceae
Apricots - Halves,25,81,Convolvulaceae
Remy Red,72,2,Liliaceae
Soup - Campbells Asian Noodle,68,9,Zingiberaceae
"Soup - Beef, Base Mix",57,86,Scrophulariaceae
Table Cloth 90x90 Colour,64,19,Asteraceae
Soup - Boston Clam Chowder,65,79,Asteraceae
Soap - Hand Soap,82,11,Sterculiaceae
Mackerel Whole Fresh,73,46,Papaveraceae
Beer - Muskoka Cream Ale,3,38,Callicostaceae
Sobe - Orange Carrot,12,84,Hydrophyllaceae
Oil - Safflower,88,12,Cyperaceae
Beer - Blue,56,55,Asteraceae
Island Oasis - Raspberry,49,82,Catillariaceae
Wine - Placido Pinot Grigo,28,71,Melastomataceae
"Fish - Atlantic Salmon, Cold",41,3,Ranunculaceae
Bread Roll Foccacia,54,5,Scrophulariaceae
Pasta - Cheese / Spinach Bauletti,83,56,Convolvulaceae
"Star Anise, Whole",83,42,Acanthaceae
"Basil - Primerba, Paste",56,58,Brassicaceae
Bacardi Mojito,33,59,Liliaceae
Yukon Jack,10,66,Plantaginaceae
Lettuce - Escarole,100,38,Ericaceae
"Wine - White, Cooking",91,67,Ranunculaceae
Carbonated Water - White Grape,100,81,Cladoniaceae
Lamb - Whole Head Off,64,25,Brassicaceae
Glove - Cutting,59,15,Ranunculaceae
Island Oasis - Raspberry,61,52,Saxifragaceae
Flower - Daisies,3,76,Adoxaceae
Salt - Sea,35,74,Fabaceae
"Yogurt - Cherry, 175 Gr",31,100,Cactaceae
"Chocolate - Pistoles, Lactee, Milk",36,45,Asteraceae
Wine - Niagara Peninsula Vqa,39,68,Scrophulariaceae
Wasabi Powder,77,77,Poaceae
Shichimi Togarashi Peppeers,38,45,Sphagnaceae
Shrimp - Tiger 21/25,93,13,Fabaceae
Bread - Corn Muffaletta,2,10,Orchidaceae
"Wine - Red, Pinot Noir, Chateau",56,26,Mycosphaerellaceae
Bagel - Everything Presliced,31,4,Asteraceae
Foam Tray S2,32,7,Grimmiaceae
Lobak,95,36,Acarosporaceae
Oil - Olive,18,57,Asteraceae
Onion - Dried,19,37,Annonaceae
Quinoa,67,40,Pyrenulaceae
Bread - Calabrese Baguette,11,22,Graphidaceae
Cheese - Parmigiano Reggiano,36,98,Asteraceae
Lid Coffeecup 12oz D9542b,3,93,Polemoniaceae
Coffee Cup 12oz 5342cd,98,56,Ramalinaceae
Cheese - Feta,73,71,Dicranaceae
Tea - Decaf 1 Cup,2,23,Fabaceae
Bread - Focaccia Quarter,1,98,Phyllachoraceae
Juice - Ocean Spray Kiwi,97,9,Asteraceae
Coriander - Ground,64,43,Asteraceae
Trueblue - Blueberry 12x473ml,42,20,Fabaceae
Gatorade - Lemon Lime,83,75,Cactaceae
Gooseberry,60,95,Crassulaceae
Potatoes - Idaho 100 Count,85,97,Boraginaceae
Cheese - Asiago,1,31,Apiaceae
Wine - Tribal Sauvignon,88,19,Fabaceae
Flour - Rye,72,40,Archidiaceae
Radish - Pickled,22,11,Rosaceae
Knife Plastic - White,73,81,Lecideaceae
Muffin Mix - Lemon Cranberry,8,27,Cyperaceae
Spice - Onion Powder Granulated,8,4,Juncaceae
"Trout - Hot Smkd, Dbl Fillet",28,19,Poaceae
V8 - Berry Blend,65,26,Cyperaceae
Sesame Seed Black,99,95,Brassicaceae
"Beef - Cooked, Corned",5,47,Rosaceae
Chocolate - Chips Compound,60,56,Acanthaceae
Allspice - Jamaican,100,39,Hydrophyllaceae
"Garlic - Primerba, Paste",26,97,Dryopteridaceae
Huck White Towels,68,28,Lamiaceae
"Bread - Roll, Italian",76,79,Scrophulariaceae
Coffee - Decaffeinato Coffee,20,97,Portulacaceae
Juice - Orange,50,65,Asteraceae
"Cheese - Mozzarella, Shredded",6,52,Caryophyllaceae
Bread - Bistro White,84,36,Placynthiaceae
Snails - Large Canned,86,8,Theophrastaceae
"Vodka - Hot, Lnferno",17,20,Caprifoliaceae
Ecolab - Mikroklene 4/4 L,36,92,Solanaceae
Parsley - Fresh,99,63,Aloaceae
"Cheese - Romano, Grated",11,21,Solanaceae
Spaghetti Squash,38,14,Asteraceae
Drambuie,91,92,Ericaceae
The Pop Shoppe - Grape,92,44,Poaceae
Bagel - 12 Grain Preslice,61,100,Teloschistaceae
Oil - Coconut,79,87,Tamaricaceae
Water Chestnut - Canned,72,27,Parmeliaceae
Kiwi,11,66,Poaceae
Puree - Raspberry,84,82,Fabaceae
Absolut Citron,60,51,Convolvulaceae
Grapes - Green,77,40,Asteraceae
Wine - Stoneliegh Sauvignon,6,73,Asteraceae
Pectin,98,5,Fabaceae
"Stock - Beef, Brown",3,41,Asteraceae
"Pasta - Rotini, Colour, Dry",65,18,Scrophulariaceae
Slt - Individual Portions,58,81,Dryopteridaceae
French Pastries,69,13,Malvaceae
Bagelers - Cinn / Brown,94,43,Violaceae
"Vinegar - Balsamic, White",17,63,Poaceae
"Oil - Olive, Extra Virgin",12,95,Myrtaceae
Rosemary - Fresh,7,30,Rosaceae
"Rum - Cream, Amarula",99,8,Passifloraceae
Apricots - Halves,16,71,Piperaceae
"Beef - Ox Tongue, Pickled",68,86,Fabaceae
Fudge - Cream Fudge,8,15,Ericaceae
Pernod,73,43,Lamiaceae
"Pepper - Chipotle, Canned",8,41,Poaceae
Oil - Hazelnut,1,37,Parmeliaceae
Milk - Condensed,95,3,Myrtaceae
Bread - French Stick,10,69,Polemoniaceae
Bread - Rosemary Focaccia,38,76,Orthotrichaceae
Sugar - Splenda Sweetener,17,35,Pteridaceae
Hot Choc Vending,87,26,Menispermaceae
Chick Peas - Dried,88,26,Amblystegiaceae
"Mushroom - Oyster, Fresh",85,72,Ophioglossaceae
Coffee Caramel Biscotti,90,38,Asteraceae
"Placemat - Scallop, White",96,98,Asteraceae
Flour - Strong,61,14,Saxifragaceae
"Pork - Bacon, Double Smoked",37,87,Liliaceae
Beer - Tetleys,7,60,Poaceae
Venison - Ground,60,13,Scrophulariaceae
"Lemonade - Island Tea, 591 Ml",80,83,Fabaceae
Aspic - Clear,81,30,Dicranaceae
Green Tea Refresher,92,45,Fabaceae
Coffee - French Vanilla Frothy,33,80,Lobariaceae
"Wine - Magnotta - Red, Baco",52,27,Viscaceae
Beef - Inside Round,87,65,Asteraceae
Fuji Apples,64,46,Apiaceae
Quail - Jumbo Boneless,24,28,Cactaceae
"Veal - Insides, Grains",34,56,Campanulaceae
Wasabi Powder,84,58,Scrophulariaceae
Hog / Sausage Casing - Pork,59,34,Brachytheciaceae
Skewers - Bamboo,3,84,Asteraceae
Praline Paste,35,12,Stereocaulaceae
Mince Meat - Filling,58,31,Gentianaceae
Cumin - Ground,11,60,Poaceae
"Fish - Halibut, Cold Smoked",93,3,Lamiaceae
Soup - Chicken And Wild Rice,64,66,Euphorbiaceae
Ecolab - Ster Bac,15,28,Alismataceae
"Pepper - Black, Crushed",89,92,Teloschistaceae
Tea - Jasmin Green,4,11,Poaceae
Lettuce - Sea / Sea Asparagus,21,75,Cyperaceae
Cafe Royale,63,36,Cactaceae
"Orange - Canned, Mandarin",27,1,Cyperaceae
Sprouts - Corn,27,22,Fontinalaceae
Wine - Lou Black Shiraz,16,33,Pterigynandraceae
"Cheese - Mozzarella, Shredded",59,7,Garryaceae
Squid - U 5,73,48,Graphidaceae
Fennel,85,88,Caryophyllaceae
Wine - Soave Folonari,11,34,Liliaceae
Salt - Celery,84,100,Ranunculaceae
Wine - Maipo Valle Cabernet,89,100,Poaceae
"Beef - Kindney, Whole",96,5,Psoraceae
Bread - Hamburger Buns,60,48,Fabaceae
Beef - Tenderloin,74,17,Asteraceae
"Seedlings - Mix, Organic",28,100,Fabaceae
Bread - 10 Grain,77,16,Boraginaceae
Sea Bass - Whole,59,25,Apiaceae
Raspberries - Frozen,24,17,Juglandaceae
Ecolab - Power Fusion,57,97,Cuscutaceae
"Tomatoes - Vine Ripe, Yellow",41,98,Asteraceae
Pineapple - Regular,100,82,Asteraceae
Gherkin,70,84,Berberidaceae
Red Cod Fillets - 225g,37,29,Fabaceae
Bagelers,50,91,Valerianaceae
Bread - Pita,33,4,Campanulaceae
"Soup - Knorr, Chicken Noodle",86,22,Poaceae
Pie Shell - 5,48,38,Lamiaceae
Milk Powder,19,53,Aristolochiaceae
Kippers - Smoked,73,24,Caryophyllaceae
Tea - Vanilla Chai,69,13,Poaceae
Chinese Foods - Cantonese,52,45,Asteraceae
Wine - Baron De Rothschild,23,17,Polygonaceae
Pork - Shoulder,38,71,Convolvulaceae
Mushroom - King Eryingii,34,19,Ochnaceae
Wine - Cotes Du Rhone Parallele,68,14,Rubiaceae
"Crab - Dungeness, Whole",39,10,Asteraceae
Flour - Fast / Rapid,85,60,Acanthaceae
Bread - 10 Grain,23,90,Rubiaceae
"Pasta - Spaghetti, Dry",66,29,Calymperaceae
Cranberry Foccacia,10,83,Liliaceae
Pork - Suckling Pig,10,11,Rosaceae
Dooleys Toffee,84,47,Poaceae
"Mushroom - Enoki, Dry",25,2,Chenopodiaceae
Energy Drink Red Bull,27,73,Lamiaceae
"Cod - Salted, Boneless",66,38,Polygonaceae
Appetizer - Crab And Brie,87,56,Brassicaceae
Cake - French Pear Tart,76,21,Papaveraceae
"Tendrils - Baby Pea, Organic",42,56,Acanthaceae
Beef - Prime Rib Aaa,15,33,Poaceae
External Supplier,67,49,Asteraceae
Dried Peach,26,47,Asteraceae
Cake - Mini Potato Pancake,11,53,Boraginaceae
Wine - Placido Pinot Grigo,89,80,Combretaceae
Cardamon Ground,63,45,Dryopteridaceae
"Nut - Almond, Blanched, Ground",99,93,Dryopteridaceae
Jam - Raspberry,29,22,Amaranthaceae
Plaintain,20,41,Portulacaceae
Vodka - Smirnoff,10,30,Brassicaceae
"Tomatoes - Vine Ripe, Red",61,47,Bacidiaceae
Sprouts - Brussel,92,15,Asteraceae
Uniform Linen Charge,69,89,Funariaceae
Salt - Kosher,80,65,Myrtaceae
Chicken - Ground,18,3,Chrysotrichaceae
Mix - Cocktail Strawberry Daiquiri,10,61,Fabaceae
Oil - Sunflower,7,65,Iridaceae
Pur Value,85,11,Brigantiaceae
Temperature Recording Station,94,40,Scrophulariaceae
Oil - Hazelnut,77,19,Salicaceae
Chervil - Fresh,72,11,Rhizocarpaceae
Mix - Cocktail Ice Cream,45,31,Saxifragaceae
Langers - Mango Nectar,72,36,Teloschistaceae
Lady Fingers,79,9,Pleuroziopsidaceae
Compound - Passion Fruit,35,1,Brassicaceae
"Bread - Rolls, Corn",75,25,Clusiaceae
Pepperoni Slices,64,47,Scrophulariaceae
Flower - Leather Leaf Fern,42,64,Brassicaceae
Beef - Tenderloin,88,23,Ranunculaceae
Vinegar - Cider,89,51,Thelenellaceae
"Pasta - Spaghetti, Dry",2,49,Malvaceae
Cheese - Brie Roitelet,77,36,Poaceae
Wine - Maipo Valle Cabernet,57,78,Polygonaceae
Kaffir Lime Leaves,54,39,Scrophulariaceae
Bouillion - Fish,78,88,Cyperaceae
"Flour - Bran, Red",77,9,Lythraceae
Oil - Olive,38,76,Urticaceae
Wine - Riesling Dr. Pauly,18,53,Onagraceae
"Mushroom - Trumpet, Dry",13,10,Acarosporaceae
Beef - Bresaola,76,22,Brachytheciaceae
"Pasta - Linguini, Dry",25,36,Lamiaceae
"Nut - Almond, Blanched, Ground",25,1,Parmeliaceae
"Dill - Primerba, Paste",78,80,Thelenellaceae
Dasheen,70,5,Asteraceae
Lighter - Bbq,84,86,Orchidaceae
Wine - Jaboulet Cotes Du Rhone,64,25,Poaceae
Rice Paper,44,13,Ericaceae
Muffin Mix - Blueberry,59,29,Fumariaceae
"Bread - Crumbs, Bulk",80,56,Cyperaceae
Cheese - Grana Padano,29,41,Scrophulariaceae
Green Tea Refresher,43,55,Hydrophyllaceae
Jello - Assorted,4,97,Onagraceae
Bread - Olive,25,28,Poaceae
Mix Pina Colada,25,84,Oxalidaceae
The Pop Shoppe Pinapple,81,19,Brassicaceae
Rice Paper,29,97,Apiaceae
Quail Eggs - Canned,33,60,Salicaceae
Pepper - Scotch Bonnet,67,41,Rosaceae
Truffle Cups - Brown,61,42,Cyperaceae
"Rum - Cream, Amarula",68,80,Fabaceae
Gatorade - Lemon Lime,70,59,Umbilicariaceae
Drambuie,22,64,Fabaceae
Bread - Flat Bread,61,22,Teloschistaceae
"Cheese - Brie,danish",64,81,Asteraceae
Muffin Mix - Corn Harvest,81,40,Acanthaceae
Cup - Translucent 7 Oz Clear,67,44,Asteraceae
"Bread - White, Sliced",65,61,Poaceae
Octopus,46,73,Boraginaceae
Bandage - Flexible Neon,94,24,Orchidaceae
Rosemary - Dry,27,100,Fabaceae
"Syrup - Golden, Lyles",79,12,Verrucariaceae
Basil - Fresh,77,12,Fabaceae
Pork - European Side Bacon,50,23,Asteraceae
White Baguette,78,43,Fabaceae
Cheese - Fontina,48,95,Rosaceae
"Cherries - Maraschino,jar",26,1,Pteridaceae
Table Cloth 53x53 White,55,59,Scrophulariaceae
Dill Weed - Fresh,37,40,Parmeliaceae
Puree - Mango,40,87,Boraginaceae
Bread - Flat Bread,90,30,Orobanchaceae
Cake - Dulce De Leche,26,31,Cuscutaceae
Straws - Cocktale,36,83,Amblystegiaceae
"Pork - Sausage, Medium",63,37,Fabaceae
Beer - Camerons Cream Ale,33,39,Asteraceae
Potatoes - Peeled,96,78,Fabaceae
Aspic - Amber,90,51,Rubiaceae
"Bag - Bread, White, Plain",95,75,Apocynaceae
Coffee Swiss Choc Almond,58,43,Sterculiaceae
Wine - Prosecco Valdobienne,86,49,Cyperaceae
Cleaner - Comet,64,91,Boraginaceae
Bar Mix - Lemon,42,86,Orthotrichaceae
Ecolab - Solid Fusion,79,94,Fabaceae
"Cheese - Boursin, Garlic / Herbs",1,89,Araliaceae
"Corn - Cream, Canned",64,84,Iridaceae
Chicken Breast Wing On,17,35,Nyctaginaceae
Cut Wakame - Hanawakaba,66,21,Poaceae
Tea - Camomele,30,39,Poaceae
Ecolab - Balanced Fusion,38,100,Lamiaceae
Wine - Magnotta - Cab Franc,43,56,Poaceae
Pheasants - Whole,72,64,Theaceae
Appetizer - Asian Shrimp Roll,46,61,Convolvulaceae
"Sugar - Sweet N Low, Individual",5,17,Fabaceae
"Doilies - 12, Paper",37,56,Scrophulariaceae
"Chicken - Leg, Boneless",40,63,Fabaceae
Oil - Olive Bertolli,95,72,Rosaceae
Syrup - Monin - Blue Curacao,23,90,Ranunculaceae
Beef - Kobe Striploin,14,86,Liliaceae
"Mushroom - Trumpet, Dry",97,75,Onagraceae
Tuna - Loin,53,45,Verbenaceae
Veal - Insides Provini,97,48,Juglandaceae
Water - Tonic,7,98,Moraceae
"Pasta - Lasagna Noodle, Frozen",28,79,Vittariaceae
V8 Splash Strawberry Banana,11,21,Asteraceae
"Pepper - Green, Chili",70,14,Apocynaceae
Beef - Top Sirloin - Aaa,32,25,Gyalectaceae
Broom - Corn,15,11,Polypodiaceae
Coffee Decaf Colombian,16,16,Pottiaceae
Spring Roll Veg Mini,63,82,Asteraceae
Soup - Campbells Beef Strogonoff,100,48,Asteraceae
Anchovy Paste - 56 G Tube,38,72,Iridaceae
Tea - Lemon Scented,58,96,Asteraceae
Beer - Pilsner Urquell,89,53,Rosaceae
Aromat Spice / Seasoning,3,54,Pottiaceae
Beef - Texas Style Burger,93,23,Brassicaceae
"Syrup - Monin, Swiss Choclate",60,96,Cyperaceae
Baking Powder,62,30,Rosaceae
Jack Daniels,88,73,Boraginaceae
Burger Veggie,43,86,Polypodiaceae
Tomato - Peeled Italian Canned,35,13,Basellaceae
Coffee - Decafenated,3,23,Liliaceae
Muffin Mix - Carrot,14,15,Orchidaceae
Soup Knorr Chili With Beans,81,39,Pottiaceae
Bread - French Baquette,84,14,Brassicaceae
Oil - Macadamia,92,85,Rosaceae
"Oregano - Dry, Rubbed",57,25,Amaranthaceae
Cocoa Powder - Natural,99,64,Hydrophyllaceae
Extract - Raspberry,34,94,Chenopodiaceae
Ice Cream Bar - Rolo Cone,55,37,Lamiaceae
Pancetta,48,44,Pinaceae
Beer - Steamwhistle,34,8,Asteraceae
Creme De Cacao Mcguines,19,20,Saxifragaceae
Energy - Boo - Koo,12,97,Cactaceae
"Water - Mineral, Natural",82,37,Boraginaceae
Salt - Seasoned,38,46,Myrtaceae
Baking Powder,34,90,Ericaceae
Langers - Cranberry Cocktail,64,55,Stereocaulaceae
Island Oasis - Lemonade,41,100,Violaceae
Creamers - 10%,94,59,Cyperaceae
Energy - Boo - Koo,5,10,Liliaceae
Pasta - Angel Hair,78,3,Callicostaceae
"Sauce - White, Mix",3,10,Fabaceae
Energy Drink Bawls,23,59,Aceraceae
Flavouring Vanilla Artificial,6,60,Caliciaceae
Beef - Kobe Striploin,4,3,Poaceae
Truffle Cups - Brown,21,66,Amaranthaceae
Apricots - Dried,91,51,Acarosporaceae
Vinegar - Red Wine,30,1,Fabaceae
Island Oasis - Magarita Mix,66,94,Caprifoliaceae
Longos - Grilled Chicken With,82,84,Corticiaceae
Wine - Blue Nun Qualitatswein,67,76,Poaceae
Nori Sea Weed,77,50,Bromeliaceae
Fudge - Cream Fudge,28,4,Fabaceae
Rice - 7 Grain Blend,83,93,Salicaceae
Coffee - 10oz Cup 92961,83,1,Caprifoliaceae
True - Vue Containers,69,22,Zygophyllaceae
"Bread - White, Unsliced",27,89,Asteraceae
Cookies - Englishbay Chochip,40,70,Podostemaceae
Macaroons - Two Bite Choc,63,4,Onagraceae
Veal - Ground,97,94,Phytolaccaceae
Lamb - Shanks,42,49,Crassulaceae
Wine - Jaboulet Cotes Du Rhone,84,45,Amaranthaceae
Madeira,60,14,Dryopteridaceae
Muffin Batt - Blueberry Passion,55,32,Cyperaceae
Gatorade - Xfactor Berry,63,59,Asteraceae
Versatainer Nc - 8288,22,55,Apiaceae
Gherkin - Sour,97,43,Rubiaceae
"Tortillas - Flour, 8",22,72,Asteraceae
Cakes Assorted,89,17,Lecanoraceae
Longos - Cheese Tortellini,51,95,Asteraceae
Water - Spring Water 500ml,89,5,Brachytheciaceae
Daves Island Stinger,64,93,Rubiaceae
Pepper - Green,66,87,Ranunculaceae
Muffin Batt - Blueberry Passion,46,92,Poaceae
Squid Ink,48,42,Heliconiaceae
Tart - Butter Plain Squares,90,34,Sarraceniaceae
Gloves - Goldtouch Disposable,15,50,Poaceae
Squash - Sunburst,16,90,Dryopteridaceae
Pectin,28,88,Rosaceae
Beef - Rib Eye Aaa,33,18,Fuscideaceae
"Tortillas - Flour, 12",14,28,Parmeliaceae
Broom - Angled,13,79,Cladoniaceae
Sea Urchin,22,89,Cyperaceae
Wine - Gato Negro Cabernet,61,14,Araceae
Ice Cream Bar - Hageen Daz To,32,8,Lecideaceae
Lettuce Romaine Chopped,79,27,Thelypteridaceae
Wine - Remy Pannier Rose,39,18,Caryophyllaceae
Gelatine Leaves - Envelopes,64,70,Asteraceae
Tamarillo,38,20,Euphorbiaceae
Soup - Campbells Chili Veg,43,16,Apiaceae
Curry Paste - Madras,28,83,Fabaceae
External Supplier,14,51,Lauraceae
"Lamb - Leg, Bone In",6,37,Asteraceae
Beef - Ox Tongue,88,73,Ranunculaceae
"Juice - Pineapple, 48 Oz",100,22,Scrophulariaceae
Cleaner - Pine Sol,57,89,Asteraceae
Clams - Bay,2,81,Campanulaceae
Muffin Mix - Morning Glory,48,19,Thelypteridaceae
Hot Chocolate - Individual,81,52,Polygonaceae
Shrimp - 100 / 200 Cold Water,43,70,Polygonaceae
Glove - Cutting,16,49,Asteraceae
Cake - Lemon Chiffon,41,14,Fabaceae
Muffin Batt - Ban Dream Zero,22,94,Asteraceae
"Cheese - Romano, Grated",54,57,Polygonaceae
Beans - Butter Lrg Lima,61,73,Papaveraceae
"Cheese - Mozzarella, Shredded",85,62,Grossulariaceae
Mayonnaise - Individual Pkg,21,86,Cyperaceae
Soup Campbells Mexicali Tortilla,4,44,Caryophyllaceae
"Tabasco Sauce, 2 Oz",46,3,Fabaceae
Spring Roll Veg Mini,50,9,Rosaceae
Zucchini - Green,96,22,Cyperaceae
"Lettuce - Mini Greens, Whole",70,2,Fissidentaceae
Brandy Cherry - Mcguinness,6,49,Nymphaeaceae
Chips - Doritos,60,97,Lamiaceae
Island Oasis - Wildberry,3,18,Rosaceae
"Pork - Back, Short Cut, Boneless",90,75,Scrophulariaceae
Tea - Grapefruit Green Tea,25,98,Euphorbiaceae
"Pineapple - Canned, Rings",92,60,Primulaceae
Onions - Green,30,23,Onagraceae
"Nut - Pistachio, Shelled",74,27,Physciaceae
Juice - Lemon,49,29,Fabaceae
Peas Snow,3,98,Boraginaceae
Potatoes - Yukon Gold 5 Oz,36,26,Fabaceae
Veal - Insides Provini,44,60,Scrophulariaceae
Extract - Rum,6,8,Asteraceae
"Pepsi - Diet, 355 Ml",24,20,Brassicaceae
"Shrimp - Baby, Warm Water",4,79,Polygonaceae
"Salmon - Atlantic, No Skin",17,56,Asteraceae
"Wine - White, Lindemans Bin 95",13,5,Brassicaceae
Jolt Cola,37,1,Malvaceae
Wine - Jackson Triggs Okonagan,24,8,Poaceae
Pate - Cognac,36,28,Poaceae
Creme De Banane - Marie,95,95,Fabaceae
Marjoram - Fresh,27,78,Poaceae
Bonito Flakes - Toku Katsuo,18,51,Cucurbitaceae
Hersey Shakes,36,76,Begoniaceae
Raisin - Golden,27,39,Rutaceae
Tarts Assorted,100,53,Polypodiaceae
Chocolate Bar - Oh Henry,57,76,Aizoaceae
Extract - Almond,67,14,Anacardiaceae
Dill Weed - Dry,18,98,Asteraceae
"Turkey - Whole, Fresh",39,43,Teloschistaceae
Nantucket Cranberry Juice,16,63,Ebenaceae
Dried Apple,5,50,Ptychomitriaceae
"Pasta - Canelloni, Single Serve",28,67,Scrophulariaceae
Higashimaru Usukuchi Soy,29,33,Atheliaceae
"Beef - Cooked, Corned",31,92,Asteraceae
Foam Tray S2,60,27,Bromeliaceae
"Seedlings - Mix, Organic",48,64,Aristolochiaceae
The Pop Shoppe - Grape,3,59,Thymelaeaceae
Blueberries - Frozen,74,24,Physciaceae
Cheese - Brie Roitelet,15,19,Scrophulariaceae
Extract - Almond,51,29,Gomphillaceae
Sugar - Brown,17,97,Polemoniaceae
Fondant - Icing,38,81,Rosaceae
Grapefruit - Pink,60,79,Asteraceae
Cucumber - English,80,61,Asteraceae
Sauce - Ranch Dressing,66,67,Lamiaceae
The Pop Shoppe - Grape,52,32,Saxifragaceae
Wine - Ruffino Chianti Classico,50,100,Scrophulariaceae
"Nut - Pistachio, Shelled",97,38,Cupressaceae
"Split Peas - Green, Dry",93,32,Zosteraceae
Potatoes - Peeled,17,9,Seligeriaceae
Tea - Apple Green Tea,59,23,Asteraceae
Peach - Halves,100,64,Amaranthaceae
"Pasta - Gnocchi, Potato",100,80,Caryophyllaceae
Wood Chips - Regular,95,87,Onagraceae
Vinegar - Champagne,7,72,Liliaceae
Ecolab Crystal Fusion,64,1,Cyperaceae
Cheese - Roquefort Pappillon,27,37,Commelinaceae
"Apple - Delicious, Golden",57,66,Scrophulariaceae
"Wine - Bourgogne 2002, La",54,23,Fabaceae
Clam - Cherrystone,27,53,Chenopodiaceae
Zucchini - Green,69,83,Euphorbiaceae
Squash - Sunburst,42,3,Asteraceae
"Tortillas - Flour, 12",17,92,Boraginaceae
"7up Diet, 355 Ml",84,2,Apiaceae
Soup - Campbells Beef Noodle,28,73,Ericaceae
Potatoes - Parissienne,13,22,Boraginaceae
English Muffin,41,26,Rhamnaceae
"Brownies - Two Bite, Chocolate",27,26,Asteraceae
Mushroom - Crimini,40,58,Fabaceae
"Sugar - Sweet N Low, Individual",33,46,Primulaceae
Macaroons - Homestyle Two Bit,61,94,Acanthaceae
Dehydrated Kelp Kombo,23,32,Cupressaceae
Wine - Masi Valpolocell,62,49,Lichinaceae
Curry Powder,31,82,Liliaceae
Puff Pastry - Slab,10,59,Parmeliaceae
Pie Filling - Cherry,58,77,Lauraceae
Muffin Mix - Chocolate Chip,73,92,Polemoniaceae
Soup Campbells,8,9,Asteraceae
Steampan Lid,3,30,Chenopodiaceae
Apple - Granny Smith,48,55,Acarosporaceae
Flour - So Mix Cake White,86,99,Blechnaceae
Chutney Sauce,44,59,Polygonaceae
"Wine - Red, Cooking",66,15,Viscaceae
Bread Base - Goodhearth,99,3,Asteraceae
Hummus - Spread,71,8,Rosaceae
Wine - Chablis J Moreau Et Fils,38,10,Fabaceae
Lamb - Shoulder,91,21,Asteraceae
"Veal - Brisket, Provimi, Bone - In",37,18,Primulaceae
Onions - Cooking,71,29,Fagaceae
"Potatoes - Purple, Organic",47,83,Asteraceae
Nescafe - Frothy French Vanilla,20,1,Fabaceae
Juice - Happy Planet,78,1,Onagraceae
"Sparkling Wine - Rose, Freixenet",82,77,Asteraceae
"Sole - Dover, Whole, Fresh",29,82,Poaceae
Longos - Grilled Salmon With Bbq,45,39,Asteraceae
Trueblue - Blueberry 12x473ml,44,41,Arthoniaceae
Cheese - Bocconcini,41,81,Brassicaceae
"Wine - Harrow Estates, Vidal",73,20,Poaceae
Capers - Pickled,12,83,Fabaceae
Longos - Chicken Wings,84,81,Canellaceae
Pails With Lids,45,14,Asteraceae
Soho Lychee Liqueur,48,73,Fabaceae
Pike - Frozen Fillet,18,100,Poaceae
"Fish - Soup Base, Bouillon",3,97,Asteraceae
"Lemonade - Island Tea, 591 Ml",84,6,Asteraceae
Grapefruit - White,80,71,Clusiaceae
Squid - U - 10 Thailand,54,29,Pottiaceae
Bread - Corn Muffaleta Onion,58,26,Cactaceae
Ecolab - Medallion,6,83,Hydrophyllaceae
Truffle Cups - Red,61,37,Parmeliaceae
Syrup - Monin - Blue Curacao,51,9,Caprifoliaceae
Longos - Chicken Wings,69,40,Moraceae
Shrimp - Black Tiger 13/15,87,70,Fabaceae
Kahlua,2,100,Lamiaceae
Smoked Tongue,81,5,Bromeliaceae
Rice - Brown,84,75,Rosaceae
Food Colouring - Blue,8,51,Orchidaceae
Soup - Campbells Beef Noodle,96,35,Asteraceae
Wine - Remy Pannier Rose,27,100,Cyperaceae
Jolt Cola - Electric Blue,37,7,Pteridaceae
Wine - Soave Folonari,71,56,Andreaeaceae
Mushroom - Lg - Cello,47,62,Liliaceae
Bananas,70,73,Solanaceae
Container - Clear 32 Oz,67,83,Orchidaceae
Lettuce - Treviso,64,60,Poaceae
"Roe - Lump Fish, Red",73,77,Rubiaceae
Wine - Masi Valpolocell,72,36,Sapotaceae
Sauce - Plum,39,81,Melastomataceae
Beer - Mill St Organic,23,47,Asteraceae
Soup Campbells - Tomato Bisque,7,72,Lichinaceae
Yeast Dry - Fermipan,15,24,Limnanthaceae
Flower - Carnations,26,64,Opegraphaceae
"Iced Tea - Lemon, 460 Ml",2,25,Physciaceae
Kiwi,30,60,Malvaceae
"Yeast - Fresh, Fleischman",56,27,Rubiaceae
"Salt - Rock, Course",46,60,Onagraceae
Bar - Sweet And Salty Chocolate,29,69,Poaceae
Wine - Piper Heidsieck Brut,63,8,Boraginaceae
Wine - Lou Black Shiraz,69,49,Fabaceae
Broom - Angled,59,42,Brassicaceae
Lamb - Bones,53,26,Fabaceae
Pear - Packum,80,91,Asteraceae
Lettuce - Frisee,27,28,Rosaceae
"Pepper - Paprika, Hungarian",41,85,Dicranaceae
Lobster - Cooked,97,94,Liliaceae
Wine - Segura Viudas Aria Brut,52,16,Gentianaceae
Vinegar - Rice,86,36,Agavaceae
Whmis - Spray Bottle Trigger,29,83,Fabaceae
Pastry - Raisin Muffin - Mini,69,42,Berberidaceae
Hot Choc Vending,7,65,Euphorbiaceae
Beer - Fruli,18,66,Polemoniaceae
Island Oasis - Mango Daiquiri,83,87,Paeoniaceae
Rice Wine - Aji Mirin,97,76,Asclepiadaceae
Pastry - Banana Tea Loaf,25,89,Nyctaginaceae
Steam Pan Full Lid,21,82,Euphorbiaceae
Fish - Bones,83,26,Hymenophyllaceae
Oil - Hazelnut,18,19,Cactaceae
Wine - Pinot Grigio Collavini,65,48,Lamiaceae
Rice Wine - Aji Mirin,97,51,Pottiaceae
Bandage - Finger Cots,81,40,Boraginaceae
Oil - Olive,18,61,Poaceae
Cheese Cloth,46,53,Agavaceae
Beer - Original Organic Lager,25,71,Ericaceae
"Tart Shells - Savory, 3",61,46,Amblystegiaceae
Coffee - Cafe Moreno,76,79,Asteraceae
Puff Pastry - Sheets,84,12,Fabaceae
Sauce - Balsamic Viniagrette,35,49,Polygonaceae
